Comparison,N samples (group 1),N samples (group 2),Cliffs Delta,Interpretation,Bootstrap Delta (mean),Delta CI lower,Delta CI upper,Mean USD_IDR (group 1),SD USD_IDR (group 1),Mean USD_IDR (group 2),SD USD_IDR (group 2),Percent change
Pre vs Post Inauguration,69,70,-0.922360248447205,Large,-0.9223811801242234,-0.9726708074534162,-0.8571428571428571,15892.014450294384,249.48895772733545,16465.537123325892,237.51478410230078,3.6088733421764796
Pre-Inauguration vs Entire Period,69,139,-0.4644979668439162,Medium,-0.4646395683453237,-0.5944140339901991,-0.329160150140757,15892.014450294384,249.48895772733545,16180.838818008093,376.2124903147128,1.8174182298730457
Post-Inauguration vs Entire Period,70,139,0.4578622816032888,Medium,0.4582808530318603,0.3179830421377184,0.5873689619732784,16465.537123325892,237.51478410230078,16180.838818008093,376.2124903147128,1.7594780376957386
