Comparison,N samples (group 1),N samples (group 2),Direct D,Direct p-value,Bootstrap D (mean),Bootstrap p-value (mean),Bootstrap p-value (median),p-value CI lower,p-value CI upper,Rejection ratio,Robust significance,Mean USD_IDR (group 1),SD USD_IDR (group 1),Mean USD_IDR (group 2),SD USD_IDR (group 2),Percent change
Pre vs Post Inauguration,69,70,0.841407867494824,2.3117741307806233e-25,0.8480382401656316,9.214865507257639e-19,2.2299136153707975e-26,1.3818702366597354e-32,9.487751642426869e-20,1.0,True,15892.014450294384,249.48895772733545,16465.537123325892,237.51478410230078,3.6088733421764796
Pre-Inauguration vs Entire Period,69,139,0.4237305807527891,4.501181667579553e-08,0.43997996037952253,7.721748629727399e-06,1.2787115093925522e-08,2.26897854173192e-13,3.354796649483938e-05,1.0,True,15892.014450294384,249.48895772733545,16180.838818008093,376.2124903147128,1.8174182298730457
Post-Inauguration vs Entire Period,70,139,0.41767728674203497,9.16457734095486e-08,0.4349921274409045,6.708617264676476e-06,2.664872202965005e-08,1.4006739496424116e-12,4.9628278607339984e-05,1.0,True,16465.537123325892,237.51478410230078,16180.838818008093,376.2124903147128,1.7594780376957386
