Comparison,N samples (group 1),N samples (group 2),Direct U,Direct p-value,Bootstrap U (mean),Bootstrap p-value (mean),Bootstrap p-value (median),p-value CI lower,p-value CI upper,Rejection ratio,Robust significance,Mean USD_IDR (group 1),SD USD_IDR (group 1),Mean USD_IDR (group 2),SD USD_IDR (group 2),Percent change
Pre vs Post Inauguration,69,70,187.5,6.5014834660985036e-21,187.44945,8.40018487341767e-19,4.9704789170350646e-21,4.4001569809935863e-23,2.801786541563817e-18,1.0,True,15892.014450294384,249.48895772733545,16465.537123325892,237.51478410230078,3.6088733421764796
Pre-Inauguration vs Entire Period,69,139,2568.0,5.065193132431091e-08,2567.32095,2.7899559770583278e-05,4.8185878378131885e-08,3.0869464321723105e-12,0.00011282740065057391,1.0,True,15892.014450294384,249.48895772733545,16180.838818008093,376.2124903147128,1.8174182298730457
Post-Inauguration vs Entire Period,70,139,7092.5,6.775070926520926e-08,7094.53635,2.893136510408322e-05,5.705765105518279e-08,4.3798896222330344e-12,0.00017821012905561989,1.0,True,16465.537123325892,237.51478410230078,16180.838818008093,376.2124903147128,1.7594780376957386
